<?xml version="1.0" encoding="UTF-8"?>
<application xmlns:xsi="http://www.w3.org/2001/XMLSchema-instance" xmlns="http://xmlns.jcp.org/xml/ns/javaee" xsi:schemaLocation="http://xmlns.jcp.org/xml/ns/javaee http://xmlns.jcp.org/xml/ns/javaee/application_8.xsd" id="Application_ID" version="8">
  <display-name>betting-app</display-name>
  <module>
    <web>
      <web-uri>betting-web.war</web-uri>
      <context-root>betting-web</context-root>
    </web>
  </module>
  <module>
    <ejb>db-services.jar</ejb>
  </module>
  <module>
    <ejb>betting-core-impl.jar</ejb>
  </module>
  <library-directory>lib</library-directory>
</application>